id	title	meter	full	p1	p2	p3	p4	pr_p1	pr_p2	pr_p3	pr_p4	needs_split_practice	has_p12	has_p34	mode	artha_sa	meaning_en
ak_01_001	मङ्गलाचरणम् 		अथ नामलिङ्गानुशासनं नाम अमरकोषः । प्रथम काण्डम् | यस्य ज्ञानदयासिंधोरगाधस्यानघा गुणाः|  सेव्यतामक्षयो धीराः स श्रिये चामृताय च ॥	अथ नामलिङ्गानुशासनं नाम अमरकोषः । प्रथम काण्डम् । यस्य ज्ञानदयासिंधोरगाधस्यानघा गुणाः ।		सेव्यतामक्षयो धीराः स श्रिये चामृताय च ॥१॥						TRUE	TRUE	TRUE			
ak_01_002	चिकीर्षतप्रतिज्ञा		समाहृत्यान्यतन्त्राणि संक्षिप्तैः प्रतिसंस्कृतैः । संपूर्णमुच्यते वर्गैर्नामलिङ्गानुशासनम् ॥	समाहृत्यान्यतन्त्राणि संक्षिप्तैः प्रतिसंस्कृतैः ।		संपूर्णमुच्यते वर्गैर्नामलिङ्गानुशासनम् ॥२॥						TRUE	TRUE	TRUE			
ak_01_003	परिभाषा 1		प्रायशो रूपभेदेन साहचर्याच्च कुत्रचित् । स्त्रीपुंनपुंसकं ज्ञेयं तद्विशेषविधेः क्वचित् ॥	प्रायशो रूपभेदेन साहचर्याच्च कुत्रचित् ।		स्त्रीपुंनपुंसकं ज्ञेयं तद्विशेषविधेः क्वचित् ॥३॥						TRUE	TRUE	TRUE			
ak_01_004	परिभाषा 2		भेदाख्यानाय न द्वन्द्वो नैकशेषो न संकरः । कृतोऽत्र भिन्नलिङ्गानामनुक्तानां क्रमादृते ॥	भेदाख्यानाय न द्वन्द्वो नैकशेषो न संकरः ।		कृतोऽत्र भिन्नलिङ्गानामनुक्तानां क्रमादृते ॥४॥						TRUE	TRUE	TRUE			
ak_01_005	परिभाषा 3		त्रिलिङ्ग्यां त्रिष्विति पदं मिथुने तु द्वयोरिति । निषिद्धलिङ्गं शेषार्थं त्वन्ताथादि न पूर्वभाक् ॥	त्रिलिङ्ग्यां त्रिष्विति पदं मिथुने तु द्वयोरिति ।		निषिद्धलिङ्गं शेषार्थं त्वन्ताथादि न पूर्वभाक् ॥५॥						TRUE	TRUE	TRUE			
ak_01_006	स्वर्गवर्गः 1		स्वरव्ययं स्वर्गनाकत्रिदिवत्रिदशालयाः । सुरलोको द्योदिवौ द्वे स्त्रियां क्लीबे त्रिविष्टपम् ॥६॥	स्वरव्ययं स्वर्गनाकत्रिदिवत्रिदशालयाः ।		सुरलोको द्योदिवौ द्वे स्त्रियां क्लीबे त्रिविष्टपम् ॥६॥						TRUE	TRUE	TRUE			
ak_01_007	स्वर्गवर्गः 2		अमरा निर्जरा देवास्त्रिदशा विबुधाः सुराः । सुपर्वाणः सुमनसस्त्रिदिवेशा दिवौकसः ॥७॥	अमरा निर्जरा देवास्त्रिदशा विबुधाः सुराः ।		सुपर्वाणः सुमनसस्त्रिदिवेशा दिवौकसः ॥७॥						TRUE	TRUE	TRUE			
ak_01_008	स्वर्गवर्गः 3		आदितेया दिविषदो लेखा अदितिनन्दनाः । आदित्या ऋभवोऽस्वप्ना अमर्त्या अमृतान्धसः ॥८॥	आदितेया दिविषदो लेखा अदितिनन्दनाः ।		आदित्या ऋभवोऽस्वप्ना अमर्त्या अमृतान्धसः ॥८॥						TRUE	TRUE	TRUE			
ak_01_009	स्वर्गवर्गः 4		बर्हिर्मुखाः क्रतुभुजो गीर्वाणा दानवारयः । वृन्दारका दैवतानि पुंसि वा देवताः स्त्रियाम् ॥९॥	बर्हिर्मुखाः क्रतुभुजो गीर्वाणा दानवारयः ।		वृन्दारका दैवतानि पुंसि वा देवताः स्त्रियाम् ॥९॥						TRUE	TRUE	TRUE			
ak_01_010	स्वर्गवर्गः 5		आदित्यविश्ववसवस्तुषिताभास्वरानिलाः । महाराजिकसाध्याश्च रुद्राश्च गणदेवताः ॥१०॥	आदित्यविश्ववसवस्तुषिताभास्वरानिलाः ।		महाराजिकसाध्याश्च रुद्राश्च गणदेवताः ॥१०॥						TRUE	TRUE	TRUE			
ak_01_011	स्वर्गवर्गः 6		विद्याधराप्सरोयक्षरक्षोगन्धर्वकिंनराः । पिशाचो गुह्यकः सिद्धो भूतोऽमी देवयोनयः ॥११॥	विद्याधराप्सरोयक्षरक्षोगन्धर्वकिंनराः ।		पिशाचो गुह्यकः सिद्धो भूतोऽमी देवयोनयः ॥११॥						TRUE	TRUE	TRUE			
ak_01_012	स्वर्गवर्गः 7		असुरा दैत्यदैतेयदनुजेन्द्रारिदानवाः । शुक्रशिष्या दितिसुताः पूर्वदेवाः सुरद्विषः ॥१२॥	असुरा दैत्यदैतेयदनुजेन्द्रारिदानवाः ।		शुक्रशिष्या दितिसुताः पूर्वदेवाः सुरद्विषः ॥१२॥						TRUE	TRUE	TRUE			
ak_01_013	स्वर्गवर्गः 8		सर्वज्ञः सुगतः बुद्धो धर्मराजस्तथागतः । समन्तभद्रो भगवान्मारजिल्लोकजिज्जिनः ॥१३॥	सर्वज्ञः सुगतः बुद्धो धर्मराजस्तथागतः ।		समन्तभद्रो भगवान्मारजिल्लोकजिज्जिनः ॥१३॥						TRUE	TRUE	TRUE			
ak_01_014	स्वर्गवर्गः 9		षडभिज्ञो दशबलोऽद्वयवादी विनायकः । मुनीन्द्रः श्रीघनः शास्ता मुनिः शाक्यमुनिस्तु यः ॥१४॥	षडभिज्ञो दशबलोऽद्वयवादी विनायकः ।		मुनीन्द्रः श्रीघनः शास्ता मुनिः शाक्यमुनिस्तु यः ॥१४॥						TRUE	TRUE	TRUE			
ak_01_015	स्वर्गवर्गः 10		स शाक्यसिंहः सर्वार्थसिद्धः शौद्धोदनिश्च सः । गौतमश्चार्कबन्धुश्च मायादेवीसुतश्च सः ॥१५॥	स शाक्यसिंहः सर्वार्थसिद्धः शौद्धोदनिश्च सः ।		गौतमश्चार्कबन्धुश्च मायादेवीसुतश्च सः ॥१५॥						TRUE	TRUE	TRUE			
ak_01_016	स्वर्गवर्गः 11		ब्रह्मात्मभूः सुरज्येष्ठः परमेष्ठी पितामहः । हिरण्यगर्भो लोकेशः स्वयंभूश्चतुराननः ॥१६॥	ब्रह्मात्मभूः सुरज्येष्ठः परमेष्ठी पितामहः ।		हिरण्यगर्भो लोकेशः स्वयंभूश्चतुराननः ॥१६॥						TRUE	TRUE	TRUE			
ak_01_017	स्वर्गवर्गः 12		धाताब्जयोनिर्द्रुहिणो विरिञ्चिः कमलासनः । स्रष्टा प्रजापतिर्वेधा विधाता विश्वसृग्विधिः ॥१७॥	धाताब्जयोनिर्द्रुहिणो विरिञ्चिः कमलासनः ।		स्रष्टा प्रजापतिर्वेधा विधाता विश्वसृग्विधिः ॥१७॥						TRUE	TRUE	TRUE			
ak_01_018	स्वर्गवर्गः 13		नाभिजन्माण्डजः पूर्वो निधनः कमलोद्भवः । सदानन्दो रजोमूर्तिः सत्यको हंसवाहनः ॥१८॥	नाभिजन्माण्डजः पूर्वो निधनः कमलोद्भवः ।		सदानन्दो रजोमूर्तिः सत्यको हंसवाहनः ॥१८॥						TRUE	TRUE	TRUE			
ak_01_019	स्वर्गवर्गः 14		विष्णुर्नारायणः कृष्णो वैकुण्ठो विष्टरश्रवाः । दामोदरो हृषीकेशः केशवो माधवः स्वभूः ॥१९॥	विष्णुर्नारायणः कृष्णो वैकुण्ठो विष्टरश्रवाः ।		दामोदरो हृषीकेशः केशवो माधवः स्वभूः ॥१९॥						TRUE	TRUE	TRUE			
ak_01_020	स्वर्गवर्गः 15		दैत्यारिः पुण्डरीकाक्षो गोविन्दो गरुडध्वजः । पीताम्बरोऽच्युतः शार्ङ्गी विष्वक्सेनो जनार्दनः ॥२०॥	दैत्यारिः पुण्डरीकाक्षो गोविन्दो गरुडध्वजः ।		पीताम्बरोऽच्युतः शार्ङ्गी विष्वक्सेनो जनार्दनः ॥२०॥						TRUE	TRUE	TRUE			
ak_01_021	स्वर्गवर्गः 16		उपेन्द्र इन्द्रावरजश्चक्रपाणिश्चतुर्भुजः । पद्मनाभो मधुरिपुर्वासुदेवस्त्रिविक्रमः ॥२१॥	उपेन्द्र इन्द्रावरजश्चक्रपाणिश्चतुर्भुजः ।		पद्मनाभो मधुरिपुर्वासुदेवस्त्रिविक्रमः ॥२१॥						TRUE	TRUE	TRUE			
ak_01_022	स्वर्गवर्गः 17		देवकीनन्दनः शौरिः श्रीपतिः पुरुषोत्तमः । वनमाली बलिध्वंसी कंसारातिरधोक्षजः ॥२२॥	देवकीनन्दनः शौरिः श्रीपतिः पुरुषोत्तमः ।		वनमाली बलिध्वंसी कंसारातिरधोक्षजः ॥२२॥						TRUE	TRUE	TRUE			
ak_01_023	स्वर्गवर्गः 18		विश्वम्भरः कैटभजिद्विधुः श्रीवत्सलाञ्छनः । पुराणपुरुषो यज्ञपुरुषो नरकान्तकः ॥२३॥	विश्वम्भरः कैटभजिद्विधुः श्रीवत्सलाञ्छनः ।		पुराणपुरुषो यज्ञपुरुषो नरकान्तकः ॥२३॥						TRUE	TRUE	TRUE			
ak_01_024	स्वर्गवर्गः 19		जलशायी विश्वरूपो मुकुन्दो मुरमर्दनः । वसुदेवोऽस्य जनकः स एवानकदुन्दुभिः ॥२४॥	जलशायी विश्वरूपो मुकुन्दो मुरमर्दनः ।		वसुदेवोऽस्य जनकः स एवानकदुन्दुभिः ॥२४॥						TRUE	TRUE	TRUE			
ak_01_025	स्वर्गवर्गः 20		बलभद्रः प्रलम्बघ्नो बलदेवोऽच्युताग्रजः । रेवतीरमणो रामः कामपालो हलायुधः ॥२५॥	बलभद्रः प्रलम्बघ्नो बलदेवोऽच्युताग्रजः ।		रेवतीरमणो रामः कामपालो हलायुधः ॥२५॥						TRUE	TRUE	TRUE			
ak_01_026	स्वर्गवर्गः 21		नीलाम्बरो रौहिणेयस्तालाङ्को मुसली हली । संकर्षणः सीरपाणिः कालिन्दीभेदनो बलः ॥२६॥	नीलाम्बरो रौहिणेयस्तालाङ्को मुसली हली ।		संकर्षणः सीरपाणिः कालिन्दीभेदनो बलः ॥२६॥						TRUE	TRUE	TRUE			
ak_01_027	स्वर्गवर्गः 22		मदनो मन्मथो मारः प्रद्युम्नो मीनकेतनः । कंदर्पो दर्पकोऽनङ्गः कामः पञ्चशरः स्मरः ॥२७॥	मदनो मन्मथो मारः प्रद्युम्नो मीनकेतनः ।		कंदर्पो दर्पकोऽनङ्गः कामः पञ्चशरः स्मरः ॥२७॥						TRUE	TRUE	TRUE			
ak_01_028	स्वर्गवर्गः 23		शम्बरारिर्मनसिजः कुसुमेषुरनन्यजः । पुष्पधन्वा रतिपतिर्मकरध्वज आत्मभूः ॥२८॥	शम्बरारिर्मनसिजः कुसुमेषुरनन्यजः ।		पुष्पधन्वा रतिपतिर्मकरध्वज आत्मभूः ॥२८॥						TRUE	TRUE	TRUE			
ak_01_029	स्वर्गवर्गः 24		अरविन्दमशोकं च चूतं च नवमल्लिका । नीलोत्पलं च पञ्चैते पञ्चबाणस्य सायकाः ॥२९॥	अरविन्दमशोकं च चूतं च नवमल्लिका ।		नीलोत्पलं च पञ्चैते पञ्चबाणस्य सायकाः ॥२९॥						TRUE	TRUE	TRUE			
ak_01_030	स्वर्गवर्गः 25		उन्मादनस्तापनश्च शोषणः स्तम्भनस्तथा । संमोहनश्च कामश्च पञ्च बाणाः प्रकीर्तिताः ॥३०॥	उन्मादनस्तापनश्च शोषणः स्तम्भनस्तथा ।		संमोहनश्च कामश्च पञ्च बाणाः प्रकीर्तिताः ॥३०॥						TRUE	TRUE	TRUE			
ak_01_031	स्वर्गवर्गः 26		ब्रह्मसूर्विश्वकेतुः स्यादनिरुद्ध उषापतिः । लक्ष्मीः पद्मालया पद्मा कमला श्रीर्हरिप्रिया ॥३१॥	ब्रह्मसूर्विश्वकेतुः स्यादनिरुद्ध उषापतिः ।		लक्ष्मीः पद्मालया पद्मा कमला श्रीर्हरिप्रिया ॥३१॥						TRUE	TRUE	TRUE			
ak_01_032	स्वर्गवर्गः 27		इन्दिरा लोकमाता मा क्षीरोदतनया रमा । भार्गवी लोकजननी क्षीरसागरकन्यका ॥३२॥	इन्दिरा लोकमाता मा क्षीरोदतनया रमा ।		भार्गवी लोकजननी क्षीरसागरकन्यका ॥३२॥						TRUE	TRUE	TRUE			
ak_01_033	स्वर्गवर्गः 28		शङ्खो लक्ष्मीपतेः पाञ्चजन्यश्चक्रं सुदर्शनः । कौमोदकी गदा खड्गो नन्दकः कौस्तुभो मणिः ॥३३॥	शङ्खो लक्ष्मीपतेः पाञ्चजन्यश्चक्रं सुदर्शनः ।		कौमोदकी गदा खड्गो नन्दकः कौस्तुभो मणिः ॥३३॥						TRUE	TRUE	TRUE			
ak_01_034	स्वर्गवर्गः 29		चापः शार्ङ्गं मुरारेस्तु श्रीवत्सो लाञ्छनं स्मृतम् । अश्वाश्च शैब्यसुग्रीवमेघपुष्पबलाहकाः ॥३४॥	चापः शार्ङ्गं मुरारेस्तु श्रीवत्सो लाञ्छनं स्मृतम् ।		अश्वाश्च शैब्यसुग्रीवमेघपुष्पबलाहकाः ॥३४॥						TRUE	TRUE	TRUE			
ak_01_035	स्वर्गवर्गः 30		सारथिर्दारुको मन्त्री ह्युद्धवश्चानुजो गदः । गरुत्मान्गरुडस्तार्क्ष्यो वैनतेयः खगेश्वरः ॥३५॥	सारथिर्दारुको मन्त्री ह्युद्धवश्चानुजो गदः ।		गरुत्मान्गरुडस्तार्क्ष्यो वैनतेयः खगेश्वरः ॥३५॥						TRUE	TRUE	TRUE			
ak_01_036	स्वर्गवर्गः 31		नागान्तको विष्णुरथः सुपर्णः पन्नगाशनः । शम्भुरीशः पशुपतिः शिवः शूली महेश्वरः ॥३६॥	नागान्तको विष्णुरथः सुपर्णः पन्नगाशनः ।		शम्भुरीशः पशुपतिः शिवः शूली महेश्वरः ॥३६॥						TRUE	TRUE	TRUE			
ak_01_037	स्वर्गवर्गः 32		ईश्वरः शर्व ईशानः शंकरश्चन्द्रशेखरः । भूतेशः खण्डपरशुर्गिरीशो गिरिशो मृडः ॥३७॥	ईश्वरः शर्व ईशानः शंकरश्चन्द्रशेखरः ।		भूतेशः खण्डपरशुर्गिरीशो गिरिशो मृडः ॥३७॥						TRUE	TRUE	TRUE			
ak_01_038	स्वर्गवर्गः 33		मृत्युञ्जयः कृत्तिवासाः पिनाकी प्रमथाधिपः । उग्रः कपर्दी श्रीकण्ठः शितिकण्ठः कपालभृत् ॥३८॥	मृत्युञ्जयः कृत्तिवासाः पिनाकी प्रमथाधिपः ।		उग्रः कपर्दी श्रीकण्ठः शितिकण्ठः कपालभृत् ॥३८॥						TRUE	TRUE	TRUE			
ak_01_039	स्वर्गवर्गः 34		वामदेवो महादेवो विरूपाक्षस्त्रिलोचनः । कृशानुरेताः सर्वज्ञो धूर्जटिर्नीललोहितः ॥३९॥	वामदेवो महादेवो विरूपाक्षस्त्रिलोचनः ।		कृशानुरेताः सर्वज्ञो धूर्जटिर्नीललोहितः ॥३९॥						TRUE	TRUE	TRUE			
ak_01_040	स्वर्गवर्गः 35		हरः स्मरहरो भर्गस्त्र्यम्बकस्त्रिपुरान्तकः । गङ्गाधरोऽन्धकरिपुः क्रतुध्वंसी वृषध्वजः ॥४०॥	हरः स्मरहरो भर्गस्त्र्यम्बकस्त्रिपुरान्तकः ।		गङ्गाधरोऽन्धकरिपुः क्रतुध्वंसी वृषध्वजः ॥४०॥						TRUE	TRUE	TRUE			
ak_01_041	स्वर्गवर्गः 36		व्योमकेशो भवो भीमः स्थाणू रुद्र उमापतिः । अहिर्बुध्न्योऽष्टमूर्तिश्च गजारिश्च महानटः ॥४१॥	व्योमकेशो भवो भीमः स्थाणू रुद्र उमापतिः ।		अहिर्बुध्न्योऽष्टमूर्तिश्च गजारिश्च महानटः ॥४१॥						TRUE	TRUE	TRUE			
ak_01_042	स्वर्गवर्गः 37		कपर्दोऽस्य जटाजूटः पिनाकोऽजगवं धनुः । प्रमथाः स्युः पारिषदा ब्राह्मीत्याद्यास्तु मातरः ॥४२॥	कपर्दोऽस्य जटाजूटः पिनाकोऽजगवं धनुः ।		प्रमथाः स्युः पारिषदा ब्राह्मीत्याद्यास्तु मातरः ॥४२॥						TRUE	TRUE	TRUE			
ak_01_043	स्वर्गवर्गः 38		विभूतिर्भूतिरैश्वर्यमणिमादिकमष्टधा । अणिमा महिमा चैव गरिमा लघिमा तथा ॥४३॥	विभूतिर्भूतिरैश्वर्यमणिमादिकमष्टधा ।		अणिमा महिमा चैव गरिमा लघिमा तथा ॥४३॥						TRUE	TRUE	TRUE			
ak_01_044	स्वर्गवर्गः 39		प्राप्तिः प्राकाम्यमीशित्वं वशित्वं चाष्ट सिद्धयः । उमा कात्यायनी गौरी काली हैमवतीश्वरी ॥४४॥	प्राप्तिः प्राकाम्यमीशित्वं वशित्वं चाष्ट सिद्धयः ।		उमा कात्यायनी गौरी काली हैमवतीश्वरी ॥४४॥						TRUE	TRUE	TRUE			
ak_01_045	स्वर्गवर्गः 40		शिवा भवानी रुद्राणी शर्वाणी सर्वमङ्गला । अपर्णा पार्वती दुर्गा मृडानी चण्डिकाम्बिका ॥४५॥	शिवा भवानी रुद्राणी शर्वाणी सर्वमङ्गला ।		अपर्णा पार्वती दुर्गा मृडानी चण्डिकाम्बिका ॥४५॥						TRUE	TRUE	TRUE			
ak_01_046	स्वर्गवर्गः 41		आर्या दाक्षायणी चैव गिरिजा मेनकात्मजा । कर्ममोटी तु चामुण्डा चर्ममुण्डा तु चर्चिका ॥४६॥	आर्या दाक्षायणी चैव गिरिजा मेनकात्मजा ।		कर्ममोटी तु चामुण्डा चर्ममुण्डा तु चर्चिका ॥४६॥						TRUE	TRUE	TRUE			
ak_01_047	स्वर्गवर्गः 42		विनायको विघ्नराजद्वैमातुरगणाधिपाः । अप्येकदन्तहेरम्बलम्बोदरगजाननाः ॥४७॥	विनायको विघ्नराजद्वैमातुरगणाधिपाः ।		अप्येकदन्तहेरम्बलम्बोदरगजाननाः ॥४७॥						TRUE	TRUE	TRUE			
ak_01_048	स्वर्गवर्गः 43		कार्तिकेयो महासेनः शरजन्मा षडाननः । पार्वतीनन्दनः स्कन्दः सेनानीरग्निभूर्गुहः ॥४८॥	कार्तिकेयो महासेनः शरजन्मा षडाननः ।		पार्वतीनन्दनः स्कन्दः सेनानीरग्निभूर्गुहः ॥४८॥						TRUE	TRUE	TRUE			
ak_01_049	स्वर्गवर्गः 44		बाहुलेयस्तारकजिद्विशाखः शिखिवाहनः । षाण्मातुरः शक्तिधरः कुमारः क्रौञ्चदारणः ॥४९॥	बाहुलेयस्तारकजिद्विशाखः शिखिवाहनः ।		षाण्मातुरः शक्तिधरः कुमारः क्रौञ्चदारणः ॥४९॥						TRUE	TRUE	TRUE			
ak_01_050	स्वर्गवर्गः 45		श‍ृङ्गी भृङ्गी रिटिस्तुण्डी नन्दिको नन्दिकेश्वरः । इन्द्रो मरुत्वान्मघवा बिडौजाः पाकशासनः ॥५०॥	श‍ृङ्गी भृङ्गी रिटिस्तुण्डी नन्दिको नन्दिकेश्वरः ।		इन्द्रो मरुत्वान्मघवा बिडौजाः पाकशासनः ॥५०॥						TRUE	TRUE	TRUE			
ak_01_051	स्वर्गवर्गः 46		वृद्धश्रवाः सुनासीरः पुरुहूतः पुरन्दरः । जिष्णुर्लेखर्षभः शक्रः शतमन्युर्दिवस्पतिः ॥५१॥	वृद्धश्रवाः सुनासीरः पुरुहूतः पुरन्दरः ।		जिष्णुर्लेखर्षभः शक्रः शतमन्युर्दिवस्पतिः ॥५१॥						TRUE	TRUE	TRUE			
ak_01_052	स्वर्गवर्गः 47		सुत्रामा गोत्रभिद्वज्री वासवो वृत्रहा वृषा । वास्तोष्पतिः सुरपतिर्बलारातिः शचीपतिः ॥५२॥	सुत्रामा गोत्रभिद्वज्री वासवो वृत्रहा वृषा ।		वास्तोष्पतिः सुरपतिर्बलारातिः शचीपतिः ॥५२॥						TRUE	TRUE	TRUE			
ak_01_053	स्वर्गवर्गः 48		जम्भभेदी हरिहयः स्वाराण्नमुचिसूदनः । संक्रन्दनो दुश्च्यवनस्तुराषाण्मेघवाहनः ॥५३॥	जम्भभेदी हरिहयः स्वाराण्नमुचिसूदनः ।		संक्रन्दनो दुश्च्यवनस्तुराषाण्मेघवाहनः ॥५३॥						TRUE	TRUE	TRUE			
ak_01_054	स्वर्गवर्गः 49		आखण्डलः सहस्राक्ष ऋभुक्षास्तस्य तु प्रिया । पुलोमजा शचीन्द्राणी नगरी त्वमरावती ॥५४॥	आखण्डलः सहस्राक्ष ऋभुक्षास्तस्य तु प्रिया ।		पुलोमजा शचीन्द्राणी नगरी त्वमरावती ॥५४॥						TRUE	TRUE	TRUE			
ak_01_055	स्वर्गवर्गः 50		हय उच्चैःश्रवा सूतो मातलिर्नन्दनं वनम् । स्यात्प्रासादो वैजयन्तो जयन्तः पाकशासनिः ॥५५॥	हय उच्चैःश्रवा सूतो मातलिर्नन्दनं वनम् ।		स्यात्प्रासादो वैजयन्तो जयन्तः पाकशासनिः ॥५५॥						TRUE	TRUE	TRUE			
ak_01_056	स्वर्गवर्गः 51		ऐरावतोऽभ्रमातङ्गैरावणाऽभ्रमुवल्लभाः । ह्रादिनी वज्रमस्त्री स्यात् कुलिशं भिदुरं पविः ॥५६॥	ऐरावतोऽभ्रमातङ्गैरावणाऽभ्रमुवल्लभाः ।		ह्रादिनी वज्रमस्त्री स्यात् कुलिशं भिदुरं पविः ॥५६॥						TRUE	TRUE	TRUE			
ak_01_057	स्वर्गवर्गः 52		शतकोटिः स्वरुः शम्बो दम्भोलिरशनिर्द्वयोः । व्योमयानं विमानोऽस्त्री नारदाद्याः सुरर्षयः ॥५७॥	शतकोटिः स्वरुः शम्बो दम्भोलिरशनिर्द्वयोः ।		व्योमयानं विमानोऽस्त्री नारदाद्याः सुरर्षयः ॥५७॥						TRUE	TRUE	TRUE			
ak_01_058	स्वर्गवर्गः 53		स्यात् सुधर्मा देवसभा पीयूषममृतं सुधा । मन्दाकिनी वियद्गङ्गा स्वर्णदी सुरदीर्घिका ॥५८॥	स्यात् सुधर्मा देवसभा पीयूषममृतं सुधा ।		मन्दाकिनी वियद्गङ्गा स्वर्णदी सुरदीर्घिका ॥५८॥						TRUE	TRUE	TRUE			
ak_01_059	स्वर्गवर्गः 54		मेरुः सुमेरुर्हेमाद्री रत्नसानुः सुरालयः । पञ्चैते देवतरवो मन्दारः पारिजातकः ॥५९॥	मेरुः सुमेरुर्हेमाद्री रत्नसानुः सुरालयः ।		पञ्चैते देवतरवो मन्दारः पारिजातकः ॥५९॥						TRUE	TRUE	TRUE			
ak_01_060	स्वर्गवर्गः 55		सन्तानः कल्पवृक्षश्च पुंसि वा हरिचन्दनम् । सनत्कुमारो वैधात्रः स्वर्वैद्यावश्विनीसुतौ ॥६०॥	सन्तानः कल्पवृक्षश्च पुंसि वा हरिचन्दनम् ।		सनत्कुमारो वैधात्रः स्वर्वैद्यावश्विनीसुतौ ॥६०॥						TRUE	TRUE	TRUE			
ak_01_061	स्वर्गवर्गः 56		नासत्यावश्विनौ दस्रावाश्विनेयौ च तावुभौ । स्त्रियां बहुष्वप्सरसः स्वर्वेश्या उर्वशीमुखाः ॥६१॥	नासत्यावश्विनौ दस्रावाश्विनेयौ च तावुभौ ।		स्त्रियां बहुष्वप्सरसः स्वर्वेश्या उर्वशीमुखाः ॥६१॥						TRUE	TRUE	TRUE			
ak_01_062	स्वर्गवर्गः 57		हाहा हूहूश्चैवमाद्या गन्धर्वास्त्रिदिवौकसाम् । अग्निर्वैश्वानरो वह्निर्वीतिहोत्रो धनञ्जयः ॥६२॥	हाहा हूहूश्चैवमाद्या गन्धर्वास्त्रिदिवौकसाम् ।		अग्निर्वैश्वानरो वह्निर्वीतिहोत्रो धनञ्जयः ॥६२॥						TRUE	TRUE	TRUE			
ak_01_063	स्वर्गवर्गः 58		कृपीटयोनिर्ज्वलनो जातवेदास्तनूनपात् । बर्हिः शुष्मा कृष्णवर्त्मा शोचिष्केश उषर्बुधः ॥६३॥	कृपीटयोनिर्ज्वलनो जातवेदास्तनूनपात् ।		बर्हिः शुष्मा कृष्णवर्त्मा शोचिष्केश उषर्बुधः ॥६३॥						TRUE	TRUE	TRUE			
ak_01_064	स्वर्गवर्गः 59		आश्रयाशो बृहद्भानुः कृशानुः पावकोऽनलः । रोहिताश्वो वायुसखः शिखावानाशुशुक्षणिः ॥६४॥	आश्रयाशो बृहद्भानुः कृशानुः पावकोऽनलः ।		रोहिताश्वो वायुसखः शिखावानाशुशुक्षणिः ॥६४॥						TRUE	TRUE	TRUE			
ak_01_065	स्वर्गवर्गः 60		हिरण्यरेता हुतभुग् दहनो हव्यवाहनः । सप्तार्चिर्दमुनाः शुक्रश्चित्रभानुर्विभावसुः ॥६५॥	हिरण्यरेता हुतभुग् दहनो हव्यवाहनः ।		सप्तार्चिर्दमुनाः शुक्रश्चित्रभानुर्विभावसुः ॥६५॥						TRUE	TRUE	TRUE			
ak_01_066	स्वर्गवर्गः 61		शुचिरप्पित्तमौर्वस्तु वाडवो वडवानलः । वह्नेर्द्वयोर्ज्वालकीलावर्चिर्हेतिः शिखा स्त्रियाम् ॥६६॥	शुचिरप्पित्तमौर्वस्तु वाडवो वडवानलः ।		वह्नेर्द्वयोर्ज्वालकीलावर्चिर्हेतिः शिखा स्त्रियाम् ॥६६॥						TRUE	TRUE	TRUE			
ak_01_067	स्वर्गवर्गः 62		त्रिषु स्फुलिङ्गोऽग्निकणः संतापः संज्वरः समौ । उल्का स्यान् निर्गतज्वाला भूतिर्भसितभस्मनी ॥६७॥	त्रिषु स्फुलिङ्गोऽग्निकणः संतापः संज्वरः समौ ।		उल्का स्यान् निर्गतज्वाला भूतिर्भसितभस्मनी ॥६७॥						TRUE	TRUE	TRUE			
ak_01_068	स्वर्गवर्गः 63		क्षारो रक्षा च दावस्तु दवो वनहुताशनः । धर्मराजः पितृपतिः समवर्ती परेतराट् ॥६८॥	क्षारो रक्षा च दावस्तु दवो वनहुताशनः ।		धर्मराजः पितृपतिः समवर्ती परेतराट् ॥६८॥						TRUE	TRUE	TRUE			
ak_01_069	स्वर्गवर्गः 64		कृतान्तो यमुनाभ्राता शमनो यमराड् यमः । कालो दण्डधरः श्राद्धदेवो वैवस्वतोऽन्तकः ॥६९॥	कृतान्तो यमुनाभ्राता शमनो यमराड् यमः ।		कालो दण्डधरः श्राद्धदेवो वैवस्वतोऽन्तकः ॥६९॥						TRUE	TRUE	TRUE			
ak_01_070	स्वर्गवर्गः 65		राक्षसः कोणपः क्रव्यात् क्रव्यादोऽस्रप आशरः । रात्रिञ्चरो रात्रिचरः कर्बुरो निकषात्मजः ॥७०॥	राक्षसः कोणपः क्रव्यात् क्रव्यादोऽस्रप आशरः ।		रात्रिञ्चरो रात्रिचरः कर्बुरो निकषात्मजः ॥७०॥						TRUE	TRUE	TRUE			
ak_01_071	स्वर्गवर्गः 66		यातुधानः पुण्यजनो नैरृतो यातुरक्षसी । प्रचेता वरुणः पाशी यादसांपतिरप्पतिः ॥७१॥	यातुधानः पुण्यजनो नैरृतो यातुरक्षसी ।		प्रचेता वरुणः पाशी यादसांपतिरप्पतिः ॥७१॥						TRUE	TRUE	TRUE			
ak_01_072	स्वर्गवर्गः 67		श्वसनः स्पर्शनो वायुर्मातरिश्वा सदागतिः । पृषदश्वो गन्धवहो गन्धवाहाऽनिलाऽऽशुगाः ॥७२॥	श्वसनः स्पर्शनो वायुर्मातरिश्वा सदागतिः ।		पृषदश्वो गन्धवहो गन्धवाहाऽनिलाऽऽशुगाः ॥७२॥						TRUE	TRUE	TRUE			
ak_01_073	स्वर्गवर्गः 68		समीरमारुतमरुज्जगत्प्राणसमीरणाः । नभस्वद्वातपवनपवमानप्रभञ्जनाः ॥७३॥	समीरमारुतमरुज्जगत्प्राणसमीरणाः ।		नभस्वद्वातपवनपवमानप्रभञ्जनाः ॥७३॥						TRUE	TRUE	TRUE			
ak_01_074	स्वर्गवर्गः 69		प्रकम्पनो महावातो झञ्झावातः सवृष्टिकः । प्राणोऽपानः समानश्चोदानव्यानौ च वायवः ॥७४॥	प्रकम्पनो महावातो झञ्झावातः सवृष्टिकः ।		प्राणोऽपानः समानश्चोदानव्यानौ च वायवः ॥७४॥						TRUE	TRUE	TRUE			
ak_01_075	स्वर्गवर्गः 70		शरीरस्था इमे रंहस्तरसी तु रयः स्यदः । जवोऽथ शीघ्रं त्वरितं लघु क्षिप्रमरं द्रुतम् ॥७५॥	शरीरस्था इमे रंहस्तरसी तु रयः स्यदः ।		जवोऽथ शीघ्रं त्वरितं लघु क्षिप्रमरं द्रुतम् ॥७५॥						TRUE	TRUE	TRUE			
ak_01_076	स्वर्गवर्गः 71		सत्वरं चपलं तूर्णमविलम्बितमाशु च । सततेऽनारताऽश्रान्तसंतताविरतानिशम् ॥७६॥	सत्वरं चपलं तूर्णमविलम्बितमाशु च ।		सततेऽनारताऽश्रान्तसंतताविरतानिशम् ॥७६॥						TRUE	TRUE	TRUE			
ak_01_077	स्वर्गवर्गः 72		नित्याऽनवरताऽजस्रमप्यथाऽतिशयो भरः । अतिवेलभृशाऽत्यर्थाऽतिमात्रोद्गाढनिर्भरम् ॥७७॥	नित्याऽनवरताऽजस्रमप्यथाऽतिशयो भरः ।		अतिवेलभृशाऽत्यर्थाऽतिमात्रोद्गाढनिर्भरम् ॥७७॥						TRUE	TRUE	TRUE			
ak_01_078	स्वर्गवर्गः 73		तीव्रैकान्तनितान्तानि गाढबाढदृढानि च । क्लीबे शीघ्राद्यसत्त्वे स्यात् त्रिष्वेषां सत्त्वगामि यत् ॥७८॥	तीव्रैकान्तनितान्तानि गाढबाढदृढानि च ।		क्लीबे शीघ्राद्यसत्त्वे स्यात् त्रिष्वेषां सत्त्वगामि यत् ॥७८॥						TRUE	TRUE	TRUE			
ak_01_079	स्वर्गवर्गः 74		कुबेरस्त्र्यम्बकसखो यक्षराड् गुह्यकेश्वरः । मनुष्यधर्मा धनदो राजराजो धनाधिपः ॥७९॥	कुबेरस्त्र्यम्बकसखो यक्षराड् गुह्यकेश्वरः ।		मनुष्यधर्मा धनदो राजराजो धनाधिपः ॥७९॥						TRUE	TRUE	TRUE			
ak_01_080	स्वर्गवर्गः 75		किन्नरेशो वैश्रवणः पौलस्त्यो नरवाहनः । यक्षैकपिङ्गैलविलश्रीदपुण्यजनेश्वराः ॥८०॥	किन्नरेशो वैश्रवणः पौलस्त्यो नरवाहनः ।		यक्षैकपिङ्गैलविलश्रीदपुण्यजनेश्वराः ॥८०॥						TRUE	TRUE	TRUE			
ak_01_081	स्वर्गवर्गः 76		अस्योद्यानं चैत्ररथं पुत्रस्तु नलकूबरः । कैलासः स्थानमलका पूर्विमानं तु पुष्पकम् ॥८१॥	अस्योद्यानं चैत्ररथं पुत्रस्तु नलकूबरः ।		कैलासः स्थानमलका पूर्विमानं तु पुष्पकम् ॥८१॥						TRUE	TRUE	TRUE			
ak_01_082	स्वर्गवर्गः 77		स्यात् किन्नरः किम्पुरुषस्तुरङ्गवदनो मयुः । निधिर्नाशेवधिर्भेदाः पद्मशङ्खाऽऽदयो निधेः ॥८२॥	स्यात् किन्नरः किम्पुरुषस्तुरङ्गवदनो मयुः ।		निधिर्नाशेवधिर्भेदाः पद्मशङ्खाऽऽदयो निधेः ॥८२॥						TRUE	TRUE	TRUE			
ak_01_083	स्वर्गवर्गः 78		महापद्मश्च पद्मश्च शङ्खो मकरकच्छपौ । मुकुन्दकुन्दनीलाश्च खर्वश्च निधयो नव ॥८३॥	महापद्मश्च पद्मश्च शङ्खो मकरकच्छपौ ।		मुकुन्दकुन्दनीलाश्च खर्वश्च निधयो नव ॥८३॥						TRUE	TRUE	TRUE			
				महापद्मश्च पद्मश्च शङ्खो मकरकच्छपौ ।		मुकुन्दकुन्दनीलाश्च खर्वश्च निधयो नव ॥८३॥											